class,image,huMoment1,huMoment2,huMoment3,huMoment4,huMoment5,huMoment6,huMoment7
circle,C:/Users/Jonna/Desktop/ups/vision/Practica_3/Preparacion_dataset/assets\circle\c1-2.PNG,11.1615,20.3033,248.393,103.853,7904.54,-164.939,14688.3
circle,C:/Users/Jonna/Desktop/ups/vision/Practica_3/Preparacion_dataset/assets\circle\c10-2.PNG,5.80568,3.56396,17.481,4.5322,-38.8677,-7.99732,10.8025
circle,C:/Users/Jonna/Desktop/ups/vision/Practica_3/Preparacion_dataset/assets\circle\c10c-1.PNG,7.94425,2.08014,14.002,20.2185,-285.029,-25.1784,185.705
circle,C:/Users/Jonna/Desktop/ups/vision/Practica_3/Preparacion_dataset/assets\circle\c10c-2.PNG,7.0533,2.23989,3.18339,2.57267,7.32569,0.566303,0.734763
circle,C:/Users/Jonna/Desktop/ups/vision/Practica_3/Preparacion_dataset/assets\circle\c10ci-2.PNG,9.09655,0.748965,0.616333,3.97802,-4.72714,-3.14168,4.0562
circle,C:/Users/Jonna/Desktop/ups/vision/Practica_3/Preparacion_dataset/assets\circle\c10i-2.PNG,21.9052,158.711,4132.19,6813.02,3.6014e+07,82007.5,3.12429e+06
circle,C:/Users/Jonna/Desktop/ups/vision/Practica_3/Preparacion_dataset/assets\circle\c10n-2.PNG,6.55701,5.60315,0.44043,0.280765,0.0407935,-0.517539,-0.0899095
circle,C:/Users/Jonna/Desktop/ups/vision/Practica_3/Preparacion_dataset/assets\circle\c10ni-1.PNG,13.3716,53.8673,2137.12,920.134,933500,2367.99,890759
circle,C:/Users/Jonna/Desktop/ups/vision/Practica_3/Preparacion_dataset/assets\circle\c10ni-2.PNG,6.39917,2.07952,2.12638,1.55891,1.04157,-2.24579,-2.64025
circle,C:/Users/Jonna/Desktop/ups/vision/Practica_3/Preparacion_dataset/assets\circle\c11-2.PNG,4.19737,0.318309,1.58141,0.614099,0.389268,0.160121,-0.463364
circle,C:/Users/Jonna/Desktop/ups/vision/Practica_3/Preparacion_dataset/assets\circle\c11c-2.PNG,10.6812,56.4655,647.912,726.899,485979,4696.76,112583
circle,C:/Users/Jonna/Desktop/ups/vision/Practica_3/Preparacion_dataset/assets\circle\c11ci-2.PNG,8.77694,12.2444,6.48739,5.38641,19.5883,11.5911,-25.1025
circle,C:/Users/Jonna/Desktop/ups/vision/Practica_3/Preparacion_dataset/assets\circle\c11i-1.PNG,14.7562,175.281,0.963324,6.07196,13.8628,38.5656,4.84551
circle,C:/Users/Jonna/Desktop/ups/vision/Practica_3/Preparacion_dataset/assets\circle\c11i-2.PNG,10.1226,24.3767,127.623,44.5292,-1688.26,-101.012,2901.42
circle,C:/Users/Jonna/Desktop/ups/vision/Practica_3/Preparacion_dataset/assets\circle\c11n-2.PNG,3.09431,0.055888,0.211336,0.0306935,-0.00194823,-0.000876653,0.00152165
circle,C:/Users/Jonna/Desktop/ups/vision/Practica_3/Preparacion_dataset/assets\circle\c11ni-2.PNG,3.2662,0.557839,0.987708,0.76952,-0.37346,-0.359551,0.55732
circle,C:/Users/Jonna/Desktop/ups/vision/Practica_3/Preparacion_dataset/assets\circle\c12-2.PNG,7.69278,4.61715,34.7859,29.7378,-292.364,-17.3148,910.674
circle,C:/Users/Jonna/Desktop/ups/vision/Practica_3/Preparacion_dataset/assets\circle\c12c-2.PNG,23.3048,109.635,4620.02,1583.26,4.13396e+06,9675.54,-1.11634e+06
circle,C:/Users/Jonna/Desktop/ups/vision/Practica_3/Preparacion_dataset/assets\circle\c12ci-2.PNG,16.9612,68.8513,569.17,257.384,-35117.6,-1611.46,92041
circle,C:/Users/Jonna/Desktop/ups/vision/Practica_3/Preparacion_dataset/assets\circle\c12i-2.PNG,5.38067,0.65616,6.83632,5.24937,29.8665,2.20698,9.84233
circle,C:/Users/Jonna/Desktop/ups/vision/Practica_3/Preparacion_dataset/assets\circle\c12n-1.PNG,22.8822,74.9972,2315.74,1475.64,-1.69484e+06,5837.8,2.13742e+06
circle,C:/Users/Jonna/Desktop/ups/vision/Practica_3/Preparacion_dataset/assets\circle\c12n-2.PNG,7.53722,0.355921,1.50695,11.0244,19.0871,6.38297,-40.679
circle,C:/Users/Jonna/Desktop/ups/vision/Practica_3/Preparacion_dataset/assets\circle\c12ni-2.PNG,6.33778,1.14962,6.21751,9.53519,60.0836,5.59875,42.1919
circle,C:/Users/Jonna/Desktop/ups/vision/Practica_3/Preparacion_dataset/assets\circle\c13-2.PNG,1.125,1.25,0,0,0,0,0
circle,C:/Users/Jonna/Desktop/ups/vision/Practica_3/Preparacion_dataset/assets\circle\c13c-2.PNG,7.23673,1.44079,2.86036,0.887828,-0.887021,-0.635804,-1.10224
circle,C:/Users/Jonna/Desktop/ups/vision/Practica_3/Preparacion_dataset/assets\circle\c13ci-2.PNG,4.46348,5.90185,0.982745,1.14101,1.20448,2.20302,0.0952973
circle,C:/Users/Jonna/Desktop/ups/vision/Practica_3/Preparacion_dataset/assets\circle\c13i-2.PNG,9.27264,1.70367,54.0052,55.2239,-1046.9,-25.8782,-2828.31
circle,C:/Users/Jonna/Desktop/ups/vision/Practica_3/Preparacion_dataset/assets\circle\c13n-2.PNG,16.9875,38.8303,126.903,14.6514,47.0102,-60.5624,-630.013
circle,C:/Users/Jonna/Desktop/ups/vision/Practica_3/Preparacion_dataset/assets\circle\c13ni-1.PNG,5.60291,0.513452,11.0926,33.4654,65.5249,3.90235,-641.438
circle,C:/Users/Jonna/Desktop/ups/vision/Practica_3/Preparacion_dataset/assets\circle\c13ni-2.PNG,8.46886,6.19786,9.92454,9.98454,-97.9533,-11.2586,16.8444
circle,C:/Users/Jonna/Desktop/ups/vision/Practica_3/Preparacion_dataset/assets\circle\c14-2.PNG,4.17915,1.77005,4.50942,33.4966,-191.195,-44.4179,-364.591
circle,C:/Users/Jonna/Desktop/ups/vision/Practica_3/Preparacion_dataset/assets\circle\c14c-2.PNG,4.15426,2.57826,3.18858,1.2471,2.38085,1.35665,-0.718303
circle,C:/Users/Jonna/Desktop/ups/vision/Practica_3/Preparacion_dataset/assets\circle\c14ci-2.PNG,6.79561,5.17793,2.7142,3.98225,1.59883,-1.45938,-12.9942
circle,C:/Users/Jonna/Desktop/ups/vision/Practica_3/Preparacion_dataset/assets\circle\c14i-2.PNG,13.1539,39.5563,721.15,265.488,110752,998.571,35049.2
circle,C:/Users/Jonna/Desktop/ups/vision/Practica_3/Preparacion_dataset/assets\circle\c14n-2.PNG,14.0788,65.3697,131.84,194.589,5683.8,-609.134,-30644.8
circle,C:/Users/Jonna/Desktop/ups/vision/Practica_3/Preparacion_dataset/assets\circle\c14ni-1.PNG,19.0679,110.907,4182.88,1212.2,395837,-4549.56,2.70073e+06
circle,C:/Users/Jonna/Desktop/ups/vision/Practica_3/Preparacion_dataset/assets\circle\c14ni-2.PNG,36.8411,481.749,28456.3,22211.7,4.70049e+08,184609,3.01476e+08
circle,C:/Users/Jonna/Desktop/ups/vision/Practica_3/Preparacion_dataset/assets\circle\c15-1.PNG,29.1777,3.73519,426.998,2671.16,295247,-4591.71,-2.83742e+06
circle,C:/Users/Jonna/Desktop/ups/vision/Practica_3/Preparacion_dataset/assets\circle\c15i-1.PNG,140.978,16439.3,698704,544503,3.3585e+11,6.35541e+07,9.70923e+08
circle,C:/Users/Jonna/Desktop/ups/vision/Practica_3/Preparacion_dataset/assets\circle\c15n-2.PNG,13.7054,6.17549,78.9156,224.676,27412.7,-315.24,11981.8
circle,C:/Users/Jonna/Desktop/ups/vision/Practica_3/Preparacion_dataset/assets\circle\c15ni-2.PNG,21.4426,188.838,4780.36,1579.68,3.98434e+06,20938.9,-1.72307e+06
circle,C:/Users/Jonna/Desktop/ups/vision/Practica_3/Preparacion_dataset/assets\circle\c16-2.PNG,12.4486,20.1829,459.221,695.827,-383434,-2929.68,87698.6
circle,C:/Users/Jonna/Desktop/ups/vision/Practica_3/Preparacion_dataset/assets\circle\c16i-2.PNG,40.1865,80.9476,11033.9,14668.6,-6.38101e+07,95816.9,1.75368e+08
circle,C:/Users/Jonna/Desktop/ups/vision/Practica_3/Preparacion_dataset/assets\circle\c16n-2.PNG,5.96266,0.476709,38.8616,124.915,7770.23,-0.816513,-3920.39
circle,C:/Users/Jonna/Desktop/ups/vision/Practica_3/Preparacion_dataset/assets\circle\c1c-2.PNG,13.2778,29.631,174.143,215.94,-41873.8,-771.19,268.916
circle,C:/Users/Jonna/Desktop/ups/vision/Practica_3/Preparacion_dataset/assets\circle\c1ci-2.PNG,5.27553,0.164084,0.378505,0.130136,-0.0287394,-0.049285,0.00286895
circle,C:/Users/Jonna/Desktop/ups/vision/Practica_3/Preparacion_dataset/assets\circle\c1i-2.PNG,12.1523,39.7753,304.074,121.221,11606.3,-112.355,-20172.6
circle,C:/Users/Jonna/Desktop/ups/vision/Practica_3/Preparacion_dataset/assets\circle\c1n-2.PNG,7.13727,6.80739,6.96441,3.97287,-6.00448,5.72165,-20.0165
circle,C:/Users/Jonna/Desktop/ups/vision/Practica_3/Preparacion_dataset/assets\circle\c1ni-1.PNG,12.3216,2.60104,100.842,95.4059,-9354.05,-150.661,272.024
circle,C:/Users/Jonna/Desktop/ups/vision/Practica_3/Preparacion_dataset/assets\circle\c1ni-2.PNG,7.81821,0.934783,7.75646,16.6013,-40.6429,-8.85202,-183.949
circle,C:/Users/Jonna/Desktop/ups/vision/Practica_3/Preparacion_dataset/assets\circle\c1on-2.PNG,13.3208,39.3893,1386.64,494.592,-161771,-993.937,376293
circle,C:/Users/Jonna/Desktop/ups/vision/Practica_3/Preparacion_dataset/assets\circle\c2-1.PNG,8.20599,9.63938,33.5061,12.2239,24.3749,9.68047,246.182
circle,C:/Users/Jonna/Desktop/ups/vision/Practica_3/Preparacion_dataset/assets\circle\c2c-1.PNG,19.7737,205.595,8169.69,11239.7,1.07702e+08,160559,-860171
circle,C:/Users/Jonna/Desktop/ups/vision/Practica_3/Preparacion_dataset/assets\circle\c2c-2.PNG,9.08641,7.43578,245.863,422.985,136404,1095.48,-736.462
circle,C:/Users/Jonna/Desktop/ups/vision/Practica_3/Preparacion_dataset/assets\circle\c2ci-1.PNG,9.47761,1.69669,33.8082,17.5281,-2.27107,-5.61211,-426.685
circle,C:/Users/Jonna/Desktop/ups/vision/Practica_3/Preparacion_dataset/assets\circle\c2ci-2.PNG,8.11431,3.89776,1.62263,0.487585,-0.354966,-0.704979,0.24918
circle,C:/Users/Jonna/Desktop/ups/vision/Practica_3/Preparacion_dataset/assets\circle\c2i-2.PNG,7.29891,1.22773,23.6293,23.8825,303.9,19.2684,-479.084
circle,C:/Users/Jonna/Desktop/ups/vision/Practica_3/Preparacion_dataset/assets\circle\c2n-2.PNG,22.1165,73.8627,59572.8,70031.7,4.4307e+09,594371,-9.11153e+08
circle,C:/Users/Jonna/Desktop/ups/vision/Practica_3/Preparacion_dataset/assets\circle\c2ni-2.PNG,4.59427,3.14023,1.65032,0.122418,-0.054638,-0.175459,0.006508
circle,C:/Users/Jonna/Desktop/ups/vision/Practica_3/Preparacion_dataset/assets\circle\c3-1.PNG,16.6368,37.3312,872.498,1170.49,1.17564e+06,4675.28,130567
circle,C:/Users/Jonna/Desktop/ups/vision/Practica_3/Preparacion_dataset/assets\circle\c3-2.PNG,299.065,72995.9,1.15198e+07,1.17345e+07,1.36276e+14,3.16619e+09,6.55339e+12
circle,C:/Users/Jonna/Desktop/ups/vision/Practica_3/Preparacion_dataset/assets\circle\c3c-2.PNG,11.3384,43.1936,539.764,297.75,112183,1548.91,40781
circle,C:/Users/Jonna/Desktop/ups/vision/Practica_3/Preparacion_dataset/assets\circle\c3ci-2.PNG,15.7929,30.0006,596.623,185.721,-38201,-594.572,48607
circle,C:/Users/Jonna/Desktop/ups/vision/Practica_3/Preparacion_dataset/assets\circle\c3i-2.PNG,26.0712,344.164,719.688,1254.03,1.18096e+06,22270,156825
circle,C:/Users/Jonna/Desktop/ups/vision/Practica_3/Preparacion_dataset/assets\circle\c3n-1.PNG,15.9951,127.398,15001.2,12828.7,1.77513e+08,135045,1.27e+07
circle,C:/Users/Jonna/Desktop/ups/vision/Practica_3/Preparacion_dataset/assets\circle\c3n-2.PNG,54.9719,164.704,37072,13010.7,-2.724e+08,120150,8.62926e+07
circle,C:/Users/Jonna/Desktop/ups/vision/Practica_3/Preparacion_dataset/assets\circle\c3ni-2.PNG,9.59887,25.1623,306.479,216.132,-51824.5,-1019.97,-20210.8
circle,C:/Users/Jonna/Desktop/ups/vision/Practica_3/Preparacion_dataset/assets\circle\c4-2.PNG,176.204,29821.5,5.57033e+06,5.50752e+06,3.05051e+13,9.5103e+08,9.08204e+10
circle,C:/Users/Jonna/Desktop/ups/vision/Practica_3/Preparacion_dataset/assets\circle\c4c-2.PNG,15.7218,115.292,265.586,15.8923,-193.08,-121.24,1014.27
circle,C:/Users/Jonna/Desktop/ups/vision/Practica_3/Preparacion_dataset/assets\circle\c4ci-2.PNG,15.3605,48.5962,2548.84,2108.1,4.66874e+06,14120.3,1.44281e+06
circle,C:/Users/Jonna/Desktop/ups/vision/Practica_3/Preparacion_dataset/assets\circle\c4i-1.PNG,10.5188,22.3673,58.5782,135.095,-3736.61,-623.175,11422.2
circle,C:/Users/Jonna/Desktop/ups/vision/Practica_3/Preparacion_dataset/assets\circle\c4i-2.PNG,0,0,0,0,0,0,0
circle,C:/Users/Jonna/Desktop/ups/vision/Practica_3/Preparacion_dataset/assets\circle\c4n-2.PNG,9.61943,9.18161,116.965,59.0444,-4894.85,-170.863,-342.076
circle,C:/Users/Jonna/Desktop/ups/vision/Practica_3/Preparacion_dataset/assets\circle\c4ni-2.PNG,9.35088,0.40664,16.2856,0.651117,1.98813,0.126061,-0.736792
circle,C:/Users/Jonna/Desktop/ups/vision/Practica_3/Preparacion_dataset/assets\circle\c5-0.PNG,23.2994,515.85,12504.4,11581.3,1.39369e+08,262818,59511.7
circle,C:/Users/Jonna/Desktop/ups/vision/Practica_3/Preparacion_dataset/assets\circle\c5-2.PNG,10.8238,12.096,252.878,179.986,32433.1,166.189,20555.7
circle,C:/Users/Jonna/Desktop/ups/vision/Practica_3/Preparacion_dataset/assets\circle\c5c-1.PNG,9.39574,3.19981,42.7125,154.425,10079.6,-14.5289,-7462.72
circle,C:/Users/Jonna/Desktop/ups/vision/Practica_3/Preparacion_dataset/assets\circle\c5c-2.PNG,6.15987,2.37988,0.693366,1.30067,0.696364,1.94564,1.02017
circle,C:/Users/Jonna/Desktop/ups/vision/Practica_3/Preparacion_dataset/assets\circle\c5ci-1.PNG,63.146,1339.92,133278,488294,1.06805e+11,1.69731e+07,-6.41055e+10
circle,C:/Users/Jonna/Desktop/ups/vision/Practica_3/Preparacion_dataset/assets\circle\c5ci-1_.PNG,21.3378,267.822,4034.01,5089.7,2.17634e+07,70208.2,7.63116e+06
circle,C:/Users/Jonna/Desktop/ups/vision/Practica_3/Preparacion_dataset/assets\circle\c5i-2.PNG,6.86346,5.25935,7.05098,8.6475,-59.846,-8.72587,31.2729
circle,C:/Users/Jonna/Desktop/ups/vision/Practica_3/Preparacion_dataset/assets\circle\c5n-2.PNG,3.01568,0.23416,0.56254,0.038201,-0.00108134,0.0180483,0.00549461
circle,C:/Users/Jonna/Desktop/ups/vision/Practica_3/Preparacion_dataset/assets\circle\c5ni-2.PNG,5.95551,0.619091,16.7616,0.904552,-3.50596,-0.526457,-0.337345
circle,C:/Users/Jonna/Desktop/ups/vision/Practica_3/Preparacion_dataset/assets\circle\c6-2.PNG,14.9144,10.1046,383.821,370.36,136479,998.031,-29529.8
circle,C:/Users/Jonna/Desktop/ups/vision/Practica_3/Preparacion_dataset/assets\circle\c6c-2.PNG,18.3695,76.6139,1286.12,990.496,983789,7382.02,530997
circle,C:/Users/Jonna/Desktop/ups/vision/Practica_3/Preparacion_dataset/assets\circle\c6ci-2.PNG,35.0835,806.413,7704.26,11591.3,1.09522e+08,327182,-1.87209e+06
circle,C:/Users/Jonna/Desktop/ups/vision/Practica_3/Preparacion_dataset/assets\circle\c6i-0.PNG,0,0,0,0,0,0,0
circle,C:/Users/Jonna/Desktop/ups/vision/Practica_3/Preparacion_dataset/assets\circle\c6i-2.PNG,24.2783,32.0848,2810.96,1925.26,-2.06729e+06,-10706.1,-3.97315e+06
circle,C:/Users/Jonna/Desktop/ups/vision/Practica_3/Preparacion_dataset/assets\circle\c6n-2.PNG,13.1781,5.76217,156.279,50.7256,-3384.1,-93.0754,2990.91
circle,C:/Users/Jonna/Desktop/ups/vision/Practica_3/Preparacion_dataset/assets\circle\c6ni-2.PNG,9.96353,0.827513,5.18241,7.01825,26.0965,0.655611,-33.3238
circle,C:/Users/Jonna/Desktop/ups/vision/Practica_3/Preparacion_dataset/assets\circle\c7-2.PNG,3.82043,0.842591,4.26045,6.11882,-9.78343,-3.71272,29.6699
circle,C:/Users/Jonna/Desktop/ups/vision/Practica_3/Preparacion_dataset/assets\circle\c7c-1.PNG,6.24322,1.65125,1.7617,1.64243,-2.79068,0.26291,0.132276
circle,C:/Users/Jonna/Desktop/ups/vision/Practica_3/Preparacion_dataset/assets\circle\c7c-2.PNG,2.08195,0.355548,0.000973938,0.102265,-0.000846845,0.058489,-0.000569633
circle,C:/Users/Jonna/Desktop/ups/vision/Practica_3/Preparacion_dataset/assets\circle\c7ci-1.PNG,12.4335,8.17818,278.602,105.603,18089.7,238.122,-932.225
circle,C:/Users/Jonna/Desktop/ups/vision/Practica_3/Preparacion_dataset/assets\circle\c7ci-2.PNG,2.72888,0.861502,0.447349,0.689775,0.339578,0.634657,-0.177485
circle,C:/Users/Jonna/Desktop/ups/vision/Practica_3/Preparacion_dataset/assets\circle\c7i-2.PNG,8.49447,6.85202,12.7482,15.2929,188.859,38.814,-99.6336
circle,C:/Users/Jonna/Desktop/ups/vision/Practica_3/Preparacion_dataset/assets\circle\c7n-2.PNG,8.37477,12.0536,20.485,22.958,-115.895,-43.1685,-484.198
circle,C:/Users/Jonna/Desktop/ups/vision/Practica_3/Preparacion_dataset/assets\circle\c7ni-2.PNG,9.89683,17.8204,52.5453,54.855,2053.53,207.577,-2110.99
circle,C:/Users/Jonna/Desktop/ups/vision/Practica_3/Preparacion_dataset/assets\circle\c8-2.PNG,8.79835,2.98797,16.4962,29.6539,-160.357,-25.7522,-635.959
circle,C:/Users/Jonna/Desktop/ups/vision/Practica_3/Preparacion_dataset/assets\circle\c8c-2.PNG,4.70237,1.08114,0.335075,0.0842941,-0.00269796,0.0676388,0.0139074
circle,C:/Users/Jonna/Desktop/ups/vision/Practica_3/Preparacion_dataset/assets\circle\c8ci-2.PNG,3.65331,1.53876,0.350347,0.386979,0.078173,-0.219607,0.11913
circle,C:/Users/Jonna/Desktop/ups/vision/Practica_3/Preparacion_dataset/assets\circle\c8i-1.PNG,5.90759,1.03109,16.6279,20.7314,-315.916,-16.0818,219.894
circle,C:/Users/Jonna/Desktop/ups/vision/Practica_3/Preparacion_dataset/assets\circle\c8i-2.PNG,14.0551,25.943,1017.89,335.835,-111611,-1685.9,-161548
circle,C:/Users/Jonna/Desktop/ups/vision/Practica_3/Preparacion_dataset/assets\circle\c8n-1.PNG,41.8798,952.711,4417.65,631.904,505704,12860.4,-926785
circle,C:/Users/Jonna/Desktop/ups/vision/Practica_3/Preparacion_dataset/assets\circle\c8n-2.PNG,21.8433,175.154,2984.21,4395.21,1.59089e+07,55438.5,-534946
circle,C:/Users/Jonna/Desktop/ups/vision/Practica_3/Preparacion_dataset/assets\circle\c8ni-1.PNG,13.7693,92.0996,2824.42,3914.12,1.30044e+07,34489,-504626
circle,C:/Users/Jonna/Desktop/ups/vision/Practica_3/Preparacion_dataset/assets\circle\c9-2.PNG,5.47082,0.183823,25.589,39.2128,1162.23,-13.7624,438.307
circle,C:/Users/Jonna/Desktop/ups/vision/Practica_3/Preparacion_dataset/assets\circle\c9c-2.PNG,8.00261,1.33846,11.5142,3.03298,-9.16858,-0.874976,15.4008
circle,C:/Users/Jonna/Desktop/ups/vision/Practica_3/Preparacion_dataset/assets\circle\c9ci-2.PNG,9.58585,3.74083,60.8932,45.8299,-2285.88,-80.5427,-797.731
circle,C:/Users/Jonna/Desktop/ups/vision/Practica_3/Preparacion_dataset/assets\circle\c9i-1.PNG,19.4706,5.61713,775.24,986.167,570380,723.147,646666
circle,C:/Users/Jonna/Desktop/ups/vision/Practica_3/Preparacion_dataset/assets\circle\c9n-1.PNG,8.83704,10.3151,46.9851,18.349,429.614,50.2287,325.113
circle,C:/Users/Jonna/Desktop/ups/vision/Practica_3/Preparacion_dataset/assets\circle\c9n-2.PNG,4.26521,1.72127,35.3213,22.8594,451.723,-10.7552,466.765
circle,C:/Users/Jonna/Desktop/ups/vision/Practica_3/Preparacion_dataset/assets\circle\c9ni-2.PNG,5.92873,2.70243,14.5016,1.31001,2.31361,2.14737,-5.22005
circle,C:/Users/Jonna/Desktop/ups/vision/Practica_3/Preparacion_dataset/assets\circle\ci1-2.PNG,24.829,185.876,2639.17,372.107,-367016,-5053.53,-35743.6
square,C:/Users/Jonna/Desktop/ups/vision/Practica_3/Preparacion_dataset/assets\square\q1-2.PNG,29.1561,208.614,1489.57,1287.34,1.10807e+06,2226.39,1.39645e+06
square,C:/Users/Jonna/Desktop/ups/vision/Practica_3/Preparacion_dataset/assets\square\q10-1.PNG,10.0266,24.058,118.107,55.566,-3725.77,-248.416,2526.2
square,C:/Users/Jonna/Desktop/ups/vision/Practica_3/Preparacion_dataset/assets\square\q10-2.PNG,6.34646,8.79814,4.86293,0.811765,1.51039,-0.842059,-0.565709
square,C:/Users/Jonna/Desktop/ups/vision/Practica_3/Preparacion_dataset/assets\square\q10c-2.PNG,4.39779,0.118746,0.0927838,0.400737,-0.0754902,-0.0762172,0.0165006
square,C:/Users/Jonna/Desktop/ups/vision/Practica_3/Preparacion_dataset/assets\square\q10ci-2.PNG,8.7752,0.892651,0.783014,1.67764,-0.860196,0.625216,-1.71965
square,C:/Users/Jonna/Desktop/ups/vision/Practica_3/Preparacion_dataset/assets\square\q10i-1.PNG,62.0698,1030.19,232678,315370,6.33483e+10,8.9276e+06,5.7317e+10
square,C:/Users/Jonna/Desktop/ups/vision/Practica_3/Preparacion_dataset/assets\square\q10i-2.PNG,11.9978,63.1654,161.776,65.3017,-5253.59,-408.359,4177.18
square,C:/Users/Jonna/Desktop/ups/vision/Practica_3/Preparacion_dataset/assets\square\q10n-2.PNG,5.80499,4.75525,2.18741,0.830631,1.11698,1.08623,-0.0771427
square,C:/Users/Jonna/Desktop/ups/vision/Practica_3/Preparacion_dataset/assets\square\q10ni-2.PNG,8.37778,16.0708,0.810909,0.186591,0.0710541,-0.613413,0.0148076
square,C:/Users/Jonna/Desktop/ups/vision/Practica_3/Preparacion_dataset/assets\square\q11-2.PNG,3.8288,1.31156,11.5564,4.14751,28.5507,3.24362,-3.05708
square,C:/Users/Jonna/Desktop/ups/vision/Practica_3/Preparacion_dataset/assets\square\q11c-2.PNG,14.6674,4.30547,63.5145,698.48,28873.3,1073.72,-144258
square,C:/Users/Jonna/Desktop/ups/vision/Practica_3/Preparacion_dataset/assets\square\q11ci-2.PNG,6.69329,0.554765,1.76743,3.17901,-6.16561,-1.90981,4.33222
square,C:/Users/Jonna/Desktop/ups/vision/Practica_3/Preparacion_dataset/assets\square\q11i-1.PNG,7.69105,42.6592,4.91627,2.25018,-1.90414,-12.3264,-7.2379
square,C:/Users/Jonna/Desktop/ups/vision/Practica_3/Preparacion_dataset/assets\square\q11i-1_.PNG,100.173,3620.81,2.18917e+06,2.42539e+06,5.11056e+12,1.41711e+08,-2.26185e+12
square,C:/Users/Jonna/Desktop/ups/vision/Practica_3/Preparacion_dataset/assets\square\q11n-2.PNG,3.75783,0.465454,0.0268986,0.420097,-0.0101684,0.244593,-0.0434839
square,C:/Users/Jonna/Desktop/ups/vision/Practica_3/Preparacion_dataset/assets\square\q11ni-2.PNG,3.76739,0.0913197,0.0597812,1.34336,0.255856,0.211544,-0.281892
square,C:/Users/Jonna/Desktop/ups/vision/Practica_3/Preparacion_dataset/assets\square\q12-2.PNG,15.5583,30.3183,69.9738,175.107,10720.3,939.055,-16148.6
square,C:/Users/Jonna/Desktop/ups/vision/Practica_3/Preparacion_dataset/assets\square\q12c-1.PNG,43.3506,422.077,2039.02,31088.3,8.83507e+07,522520,-2.31212e+08
square,C:/Users/Jonna/Desktop/ups/vision/Practica_3/Preparacion_dataset/assets\square\q12c-2.PNG,4.32343,0.366047,1.01713,0.0937727,-0.0109531,0.0312913,-0.0268091
square,C:/Users/Jonna/Desktop/ups/vision/Practica_3/Preparacion_dataset/assets\square\q12ci-1.PNG,9.83504,9.86043,51.2704,34.9585,-535.7,-109.314,-1379.65
square,C:/Users/Jonna/Desktop/ups/vision/Practica_3/Preparacion_dataset/assets\square\q12i-1.PNG,4.89035,2.95011,6.45372,7.46809,47.9773,7.18981,19.6531
square,C:/Users/Jonna/Desktop/ups/vision/Practica_3/Preparacion_dataset/assets\square\q12i-2.PNG,14.6003,2.05005,132.899,300.074,54939.4,428.044,-23929.1
square,C:/Users/Jonna/Desktop/ups/vision/Practica_3/Preparacion_dataset/assets\square\q12n-2.PNG,5.1392,4.80369,1.09935,0.779589,-0.530186,-0.470556,0.48967
square,C:/Users/Jonna/Desktop/ups/vision/Practica_3/Preparacion_dataset/assets\square\q12ni-0.PNG,9.5295,2.98335,35.3377,10.2335,182.292,17.6563,-68.1195
square,C:/Users/Jonna/Desktop/ups/vision/Practica_3/Preparacion_dataset/assets\square\q12ni-2.PNG,8.97753,1.79803,2.47209,3.17494,8.86172,0.562353,0.765934
square,C:/Users/Jonna/Desktop/ups/vision/Practica_3/Preparacion_dataset/assets\square\q13-2.PNG,27.8868,775.881,116.325,104.621,11540.7,2790.77,135.95
square,C:/Users/Jonna/Desktop/ups/vision/Practica_3/Preparacion_dataset/assets\square\q13c-1.PNG,6.37659,2.49473,3.12984,4.38241,13.1856,6.72843,9.46395
square,C:/Users/Jonna/Desktop/ups/vision/Practica_3/Preparacion_dataset/assets\square\q13ci-2.PNG,6.72536,0.243522,4.41928,6.20663,-29.2335,-3.06256,14.2135
square,C:/Users/Jonna/Desktop/ups/vision/Practica_3/Preparacion_dataset/assets\square\q13i-1.PNG,7.80022,6.92586,39.3372,67.4555,-3028.39,-80.4635,1703.81
square,C:/Users/Jonna/Desktop/ups/vision/Practica_3/Preparacion_dataset/assets\square\q13i-2.PNG,29.2628,258.068,14453.4,1696.17,-2.19909e+06,-16648.1,-8.10526e+06
square,C:/Users/Jonna/Desktop/ups/vision/Practica_3/Preparacion_dataset/assets\square\q13n-2.PNG,5.42668,1.04222,0.36022,0.682534,-0.2256,0.599267,-0.25227
square,C:/Users/Jonna/Desktop/ups/vision/Practica_3/Preparacion_dataset/assets\square\q13ni-0.PNG,8.41101,17.9514,94.8667,78.2101,-2986.22,-301.841,-6038.75
square,C:/Users/Jonna/Desktop/ups/vision/Practica_3/Preparacion_dataset/assets\square\q13ni-2.PNG,9.31071,2.13691,29.9648,7.46206,27.178,-0.295893,108.221
square,C:/Users/Jonna/Desktop/ups/vision/Practica_3/Preparacion_dataset/assets\square\q14-1.PNG,25.9849,239.442,626.53,3604.11,1.55776e+06,24085.6,5.18699e+06
square,C:/Users/Jonna/Desktop/ups/vision/Practica_3/Preparacion_dataset/assets\square\q14c-1.PNG,3.30644,1.33254,0.639427,0.958374,0.00821317,0.163967,-0.750192
square,C:/Users/Jonna/Desktop/ups/vision/Practica_3/Preparacion_dataset/assets\square\q14ci-2.PNG,7.61834,6.88562,11.6261,0.644513,-0.435415,0.849469,-1.70969
square,C:/Users/Jonna/Desktop/ups/vision/Practica_3/Preparacion_dataset/assets\square\q14i-1.PNG,30.3073,227.778,514.685,641.412,-152185,-1549.88,-335643
square,C:/Users/Jonna/Desktop/ups/vision/Practica_3/Preparacion_dataset/assets\square\q14i-1_.PNG,43.2695,535.787,3936.62,11230.7,6.36083e+07,259492,-3.91191e+07
square,C:/Users/Jonna/Desktop/ups/vision/Practica_3/Preparacion_dataset/assets\square\q14n-1.PNG,8.68908,3.64022,19.6615,143.935,7362.11,162.146,-2104.45
square,C:/Users/Jonna/Desktop/ups/vision/Practica_3/Preparacion_dataset/assets\square\q14ni-1.PNG,18.0325,214.64,438.343,83.5225,-14864.2,-1163.14,-5870.1
square,C:/Users/Jonna/Desktop/ups/vision/Practica_3/Preparacion_dataset/assets\square\q14ni-2.PNG,89.8848,2516.57,246976,1726.04,-1.78495e+07,41607.8,-3.08448e+07
square,C:/Users/Jonna/Desktop/ups/vision/Practica_3/Preparacion_dataset/assets\square\q15-1.PNG,19.9506,53.3879,167.58,20.68,-1177.52,104.099,309.089
square,C:/Users/Jonna/Desktop/ups/vision/Practica_3/Preparacion_dataset/assets\square\q15i-1.PNG,14.546,142.445,8.54529,12.5368,65.1877,-20.9903,112.198
square,C:/Users/Jonna/Desktop/ups/vision/Practica_3/Preparacion_dataset/assets\square\q15n-2.PNG,24.3996,240.774,5794.89,2874.89,1.14231e+07,44372.3,2.68416e+06
square,C:/Users/Jonna/Desktop/ups/vision/Practica_3/Preparacion_dataset/assets\square\q15ni-1.PNG,45.2814,395.264,9444.33,12646.2,9.65987e+07,116516,-9.88406e+07
square,C:/Users/Jonna/Desktop/ups/vision/Practica_3/Preparacion_dataset/assets\square\q16-1.PNG,66.6864,3842.02,1.24529e+06,1.1765e+06,1.42403e+12,7.29181e+07,6.56441e+09
square,C:/Users/Jonna/Desktop/ups/vision/Practica_3/Preparacion_dataset/assets\square\q16i-1.PNG,15.1516,2.78587,459.759,871.537,277202,1376.05,476990
square,C:/Users/Jonna/Desktop/ups/vision/Practica_3/Preparacion_dataset/assets\square\q16n-2.PNG,21.0045,57.315,340.216,300.841,-77802.3,-2173.83,-56657.6
square,C:/Users/Jonna/Desktop/ups/vision/Practica_3/Preparacion_dataset/assets\square\q1c-2.PNG,11.7871,9.89809,60.1659,105.61,-6272.11,-132.164,5615.22
square,C:/Users/Jonna/Desktop/ups/vision/Practica_3/Preparacion_dataset/assets\square\q1c0-2.PNG,19.13,13.3143,383.608,334.846,-59125.5,-1151.3,104433
square,C:/Users/Jonna/Desktop/ups/vision/Practica_3/Preparacion_dataset/assets\square\q1ci-2.PNG,24.9126,51.2975,1864.35,452.296,-305970,-1528.25,-280864
square,C:/Users/Jonna/Desktop/ups/vision/Practica_3/Preparacion_dataset/assets\square\q1i-2.PNG,11.0517,25.4801,168.864,53.8391,-4826.25,-261.23,-1749.41
square,C:/Users/Jonna/Desktop/ups/vision/Practica_3/Preparacion_dataset/assets\square\q1n-2.PNG,7.39389,4.58892,0.217338,3.51401,2.64916,7.4986,-1.55326
square,C:/Users/Jonna/Desktop/ups/vision/Practica_3/Preparacion_dataset/assets\square\q1ni-1.PNG,9.11107,5.62447,0.0180924,25.7636,-15.0417,8.83596,9.11832
square,C:/Users/Jonna/Desktop/ups/vision/Practica_3/Preparacion_dataset/assets\square\q1ni-2.PNG,12.1857,14.6535,164.703,41.1205,-2926.14,-116.825,1699.88
square,C:/Users/Jonna/Desktop/ups/vision/Practica_3/Preparacion_dataset/assets\square\q2-0.PNG,9.92224,15.3771,175.011,47.8399,-2208.06,-174.854,-3779.71
square,C:/Users/Jonna/Desktop/ups/vision/Practica_3/Preparacion_dataset/assets\square\q2-2.PNG,9.88156,10.1477,63.8738,44.6899,2372.18,124.446,-271.626
square,C:/Users/Jonna/Desktop/ups/vision/Practica_3/Preparacion_dataset/assets\square\q2c-2.PNG,9.43926,0.168034,62.8915,31.8638,317.72,-9.24759,1390.57
square,C:/Users/Jonna/Desktop/ups/vision/Practica_3/Preparacion_dataset/assets\square\q2ci-2.PNG,12.5642,11.7629,4.70204,5.02964,24.3042,16.2068,-2.75249
square,C:/Users/Jonna/Desktop/ups/vision/Practica_3/Preparacion_dataset/assets\square\q2i-1.PNG,5.38201,0.293849,16.8909,6.01852,13.8103,-0.858903,59.0899
square,C:/Users/Jonna/Desktop/ups/vision/Practica_3/Preparacion_dataset/assets\square\q2i-1_.PNG,7.16032,1.61398,15.8239,10.8459,-43.0251,6.68148,135.416
square,C:/Users/Jonna/Desktop/ups/vision/Practica_3/Preparacion_dataset/assets\square\q2n-1_.PNG,127.548,7914.75,164392,384646,-5.58229e+10,2.7459e+07,-7.89889e+10
square,C:/Users/Jonna/Desktop/ups/vision/Practica_3/Preparacion_dataset/assets\square\q2ni-1.PNG,8.67607,4.06935,9.06187,2.95682,0.922118,-2.01922,15.2776
square,C:/Users/Jonna/Desktop/ups/vision/Practica_3/Preparacion_dataset/assets\square\q2ni-2.PNG,88.7527,1639.92,372544,124162,2.66619e+10,4.92777e+06,1.49289e+09
square,C:/Users/Jonna/Desktop/ups/vision/Practica_3/Preparacion_dataset/assets\square\q3-2.PNG,19.1741,122.673,14343.7,15992.9,2.421e+08,175595,-7.83427e+06
square,C:/Users/Jonna/Desktop/ups/vision/Practica_3/Preparacion_dataset/assets\square\q3c-2.PNG,6.83387,1.8811,36.2642,15.9722,-254.428,-16.5565,288.154
square,C:/Users/Jonna/Desktop/ups/vision/Practica_3/Preparacion_dataset/assets\square\q3ci-2.PNG,19.1334,5.81911,47.9745,118.744,-2443.29,-9.29306,-8622.95
square,C:/Users/Jonna/Desktop/ups/vision/Practica_3/Preparacion_dataset/assets\square\q3i-1.PNG,10.8409,45.2229,56.9223,44.8446,-145.507,-165.935,-2261.04
square,C:/Users/Jonna/Desktop/ups/vision/Practica_3/Preparacion_dataset/assets\square\q3i-2.PNG,6.39478,0.654941,16.4498,0.0722304,0.0159681,-0.0513017,-0.0770974
square,C:/Users/Jonna/Desktop/ups/vision/Practica_3/Preparacion_dataset/assets\square\q3n-2.PNG,27.9321,178.803,12316.6,7610.64,7.26827e+07,99436.2,-1.21099e+07
square,C:/Users/Jonna/Desktop/ups/vision/Practica_3/Preparacion_dataset/assets\square\q3ni-1.PNG,17.3009,48.0728,97.605,457.943,-11632.6,-2845.36,-96116.1
square,C:/Users/Jonna/Desktop/ups/vision/Practica_3/Preparacion_dataset/assets\square\q3ni-2.PNG,4.66415,0.79556,0.138421,0.0225225,0.00116557,0.0175057,0.0004721
square,C:/Users/Jonna/Desktop/ups/vision/Practica_3/Preparacion_dataset/assets\square\q4-1.PNG,15.1832,7.68704,32.1551,1132.22,-188300,-3048.82,-105894
square,C:/Users/Jonna/Desktop/ups/vision/Practica_3/Preparacion_dataset/assets\square\q4-2.PNG,40.8582,1003.46,115074,92197.5,9.47542e+09,2.78146e+06,6.33317e+08
square,C:/Users/Jonna/Desktop/ups/vision/Practica_3/Preparacion_dataset/assets\square\q4c-1.PNG,8.22073,4.72809,19.9461,6.27929,55.1069,9.74578,-43.6083
square,C:/Users/Jonna/Desktop/ups/vision/Practica_3/Preparacion_dataset/assets\square\q4c-1_.PNG,5.68395,3.34474,16.6414,24.566,-492.092,-42.1477,67.5208
square,C:/Users/Jonna/Desktop/ups/vision/Practica_3/Preparacion_dataset/assets\square\q4ci-2.PNG,13.3391,24.5969,62.1411,173.488,8012.29,34.0197,16133.3
square,C:/Users/Jonna/Desktop/ups/vision/Practica_3/Preparacion_dataset/assets\square\q4i-2.PNG,15.8573,24.7094,864.213,413.052,-169950,478.528,178939
square,C:/Users/Jonna/Desktop/ups/vision/Practica_3/Preparacion_dataset/assets\square\q4n-2.PNG,15.9788,114.576,13.221,5.48088,16.2245,42.3802,-43.7441
square,C:/Users/Jonna/Desktop/ups/vision/Practica_3/Preparacion_dataset/assets\square\q4ni-1.PNG,7.39555,3.9417,13.8523,3.79229,-1.62984,3.99872,27.4377
square,C:/Users/Jonna/Desktop/ups/vision/Practica_3/Preparacion_dataset/assets\square\q4ni-2.PNG,12.6952,69.2359,1128.82,355.252,108310,984.864,-197176
square,C:/Users/Jonna/Desktop/ups/vision/Practica_3/Preparacion_dataset/assets\square\q5-0.PNG,18.8754,134.432,1103.76,2425.14,3.95834e+06,27031.9,273098
square,C:/Users/Jonna/Desktop/ups/vision/Practica_3/Preparacion_dataset/assets\square\q5-1.PNG,13.1955,7.51608,22.5762,30.0078,360.642,-62.3732,-692.8
square,C:/Users/Jonna/Desktop/ups/vision/Practica_3/Preparacion_dataset/assets\square\q5c-1.PNG,34.1972,22.4196,50296.1,54332.1,2.69643e+09,-68303.4,-8.92243e+08
square,C:/Users/Jonna/Desktop/ups/vision/Practica_3/Preparacion_dataset/assets\square\q5c-2.PNG,4.61899,2.06501,0.671094,0.236017,-0.0351521,-0.00414741,0.0871052
square,C:/Users/Jonna/Desktop/ups/vision/Practica_3/Preparacion_dataset/assets\square\q5ci-1.PNG,47.586,626.498,23505.8,47499.4,1.26552e+09,1.13886e+06,9.57878e+08
square,C:/Users/Jonna/Desktop/ups/vision/Practica_3/Preparacion_dataset/assets\square\q5ci-2.PNG,29.0301,122.368,48811.6,29189,1.10164e+09,161250,1.67466e+07
square,C:/Users/Jonna/Desktop/ups/vision/Practica_3/Preparacion_dataset/assets\square\q5i-1.PNG,400.544,110338,3.65834e+06,747.606,3.90906e+07,42585.9,747459
square,C:/Users/Jonna/Desktop/ups/vision/Practica_3/Preparacion_dataset/assets\square\q5i-2.PNG,2.94857,0.655417,1.0625,0.377629,-0.238387,-0.289334,0.019721
square,C:/Users/Jonna/Desktop/ups/vision/Practica_3/Preparacion_dataset/assets\square\q5n-0.PNG,7.31846,1.05949,69.9246,11.2295,239.674,10.0524,203.896
square,C:/Users/Jonna/Desktop/ups/vision/Practica_3/Preparacion_dataset/assets\square\q5n-1.PNG,3.62592,2.2074,3.47614,0.121291,0.0525782,-0.126623,0.0586367
square,C:/Users/Jonna/Desktop/ups/vision/Practica_3/Preparacion_dataset/assets\square\q5ni-1.PNG,5.19278,0.470726,3.55883,0.874322,1.44522,0.537709,0.538476
square,C:/Users/Jonna/Desktop/ups/vision/Practica_3/Preparacion_dataset/assets\square\q5ni-2.PNG,8.14888,2.80966,25.7079,14.73,140.786,17.9562,249.684
square,C:/Users/Jonna/Desktop/ups/vision/Practica_3/Preparacion_dataset/assets\square\q6-1.PNG,13.204,16.078,145.234,816.795,212698,991.47,-184125
square,C:/Users/Jonna/Desktop/ups/vision/Practica_3/Preparacion_dataset/assets\square\q6-2.PNG,16.2005,13.7297,214.648,255.153,-48713,500.008,-34534.1
square,C:/Users/Jonna/Desktop/ups/vision/Practica_3/Preparacion_dataset/assets\square\q6c-1_.PNG,20.6208,65.5197,107.65,22.2633,-563.325,115.165,-933.049
square,C:/Users/Jonna/Desktop/ups/vision/Practica_3/Preparacion_dataset/assets\square\q6ci-1.PNG,22.4225,27.0052,6539.34,8034.41,5.79902e+07,41659.9,5.35428e+06
square,C:/Users/Jonna/Desktop/ups/vision/Practica_3/Preparacion_dataset/assets\square\q6ci-2.PNG,23.9015,241.512,20022.2,30052.1,7.29032e+08,464543,1.09234e+08
square,C:/Users/Jonna/Desktop/ups/vision/Practica_3/Preparacion_dataset/assets\square\q6i-0.PNG,415.742,171512,3.37917e+06,3.63754e+06,1.27531e+13,1.50644e+09,-3.45862e+10
square,C:/Users/Jonna/Desktop/ups/vision/Practica_3/Preparacion_dataset/assets\square\q6i-1.PNG,17.7888,61.4818,70.1829,30.8985,-1418.52,61.3501,-241.12
square,C:/Users/Jonna/Desktop/ups/vision/Practica_3/Preparacion_dataset/assets\square\q6n-2.PNG,11.7546,2.61322,0.593086,225.467,-2565.08,193.095,-467.067
square,C:/Users/Jonna/Desktop/ups/vision/Practica_3/Preparacion_dataset/assets\square\q6ni-0.PNG,12.7726,60.3191,771.836,182.587,-27229.3,-807.181,-62903.2
square,C:/Users/Jonna/Desktop/ups/vision/Practica_3/Preparacion_dataset/assets\square\q6ni-2.PNG,8.82826,2.25252,3.36142,1.70932,-0.381521,-2.33069,-4.07949
square,C:/Users/Jonna/Desktop/ups/vision/Practica_3/Preparacion_dataset/assets\square\q7-2.PNG,3.56541,4.20695,2.98376,2.24567,2.32317,0.550331,5.3286
square,C:/Users/Jonna/Desktop/ups/vision/Practica_3/Preparacion_dataset/assets\square\q7c-1.PNG,16.2417,15.46,582.898,730.234,-57317.6,-264.637,-472959
square,C:/Users/Jonna/Desktop/ups/vision/Practica_3/Preparacion_dataset/assets\square\q7c-2.PNG,4.11537,0.0254298,0.220953,2.57508,-1.7184,0.262353,0.905524
square,C:/Users/Jonna/Desktop/ups/vision/Practica_3/Preparacion_dataset/assets\square\q7ci-1.PNG,11.7065,32.7085,496.22,297.023,-85716,-1240.34,-75205.2
square,C:/Users/Jonna/Desktop/ups/vision/Practica_3/Preparacion_dataset/assets\square\q7ci-2.PNG,7.75825,0.989733,25.2193,5.54678,-52.8643,-0.292704,38.8486
square,C:/Users/Jonna/Desktop/ups/vision/Practica_3/Preparacion_dataset/assets\square\q7i-1.PNG,5.40228,1.11659,8.98742,5.20254,-26.3324,-0.291764,-23.9199
square,C:/Users/Jonna/Desktop/ups/vision/Practica_3/Preparacion_dataset/assets\square\q7i-1_.PNG,14.9809,50.2782,727.284,1026.88,867322,7266.94,187808
square,C:/Users/Jonna/Desktop/ups/vision/Practica_3/Preparacion_dataset/assets\square\q7n-2.PNG,8.02084,6.49718,6.10468,3.94581,6.13454,2.85259,-18.3685
square,C:/Users/Jonna/Desktop/ups/vision/Practica_3/Preparacion_dataset/assets\square\q7ni-2.PNG,7.05308,0.151901,0.684224,6.45746,11.8799,1.83843,6.56569
square,C:/Users/Jonna/Desktop/ups/vision/Practica_3/Preparacion_dataset/assets\square\q8-2.PNG,8.47813,1.19969,5.39729,19.1306,-60.3401,-17.0169,-184.79
square,C:/Users/Jonna/Desktop/ups/vision/Practica_3/Preparacion_dataset/assets\square\q8c-1.PNG,6.27526,4.95338,34.038,1.62017,12.0035,3.36773,0.821563
square,C:/Users/Jonna/Desktop/ups/vision/Practica_3/Preparacion_dataset/assets\square\q8c-2.PNG,9.47425,1.10348,56.9239,44.9355,-1315.21,-44.647,-1853.41
square,C:/Users/Jonna/Desktop/ups/vision/Practica_3/Preparacion_dataset/assets\square\q8ci-2.PNG,3.74522,0.607768,0.168965,0.109136,-0.00822231,0.0436546,-0.0123299
square,C:/Users/Jonna/Desktop/ups/vision/Practica_3/Preparacion_dataset/assets\square\q8i-1.PNG,43.8737,1276.6,59554.8,62977.4,3.85312e+09,1.58823e+06,-1.7003e+08
square,C:/Users/Jonna/Desktop/ups/vision/Practica_3/Preparacion_dataset/assets\square\q8i-1_.PNG,7.63178,0.555239,29.779,6.60733,-91.9184,3.72205,-11.8695
square,C:/Users/Jonna/Desktop/ups/vision/Practica_3/Preparacion_dataset/assets\square\q8n-2.PNG,10.4157,19.1711,155.62,69.624,-7121.11,-218.648,-1346.07
square,C:/Users/Jonna/Desktop/ups/vision/Practica_3/Preparacion_dataset/assets\square\q8ni-1.PNG,11.2994,125.332,583.075,575.402,333287,6324.14,-360.253
square,C:/Users/Jonna/Desktop/ups/vision/Practica_3/Preparacion_dataset/assets\square\q9-2.PNG,7.82918,3.27872,107.671,30.1257,-1698.68,-52.8368,-241.469
square,C:/Users/Jonna/Desktop/ups/vision/Practica_3/Preparacion_dataset/assets\square\q9c-2.PNG,8.21107,3.93182,0.928346,0.0415473,0.00801857,-0.0524824,0.00151051
square,C:/Users/Jonna/Desktop/ups/vision/Practica_3/Preparacion_dataset/assets\square\q9ci-2.PNG,11.153,45.6178,491.053,149.096,-36440.3,-953.823,-17309.2
square,C:/Users/Jonna/Desktop/ups/vision/Practica_3/Preparacion_dataset/assets\square\q9i-1.PNG,16.2579,9.92666,524.158,717.456,192442,-640.284,-395652
square,C:/Users/Jonna/Desktop/ups/vision/Practica_3/Preparacion_dataset/assets\square\q9i-2.PNG,42.4573,176.499,4111.63,4559.9,3.68176e+06,-14386.7,-1.93979e+07
square,C:/Users/Jonna/Desktop/ups/vision/Practica_3/Preparacion_dataset/assets\square\q9n-1.PNG,9.05114,15.5512,263.821,216.407,49642,842.748,-14471.3
square,C:/Users/Jonna/Desktop/ups/vision/Practica_3/Preparacion_dataset/assets\square\q9n-2.PNG,8.65298,29.9177,76.2984,14.7444,-324.774,-69.257,372.944
square,C:/Users/Jonna/Desktop/ups/vision/Practica_3/Preparacion_dataset/assets\square\q9ni-2.PNG,5.14077,2.02198,7.64711,9.27437,57.529,8.50426,-52.8271
square,C:/Users/Jonna/Desktop/ups/vision/Practica_3/Preparacion_dataset/assets\square\qi1-1.PNG,24.6005,282.412,573.661,1451.22,1.27914e+06,20872.5,342204
triangle,C:/Users/Jonna/Desktop/ups/vision/Practica_3/Preparacion_dataset/assets\triangle\t1-2.PNG,9.41174,19.3744,566.264,80.3946,11713.4,347.718,12531.3
triangle,C:/Users/Jonna/Desktop/ups/vision/Practica_3/Preparacion_dataset/assets\triangle\t10-2.PNG,9.16262,0.274059,464.251,3.48113,11.4471,-0.784344,-139.476
triangle,C:/Users/Jonna/Desktop/ups/vision/Practica_3/Preparacion_dataset/assets\triangle\t10c-1.PNG,17.6023,85.3264,2617.11,981.866,1.26691e+06,5534.39,933938
triangle,C:/Users/Jonna/Desktop/ups/vision/Practica_3/Preparacion_dataset/assets\triangle\t10c-2.PNG,4.01374,2.23599,31.0014,2.86163,26.0574,4.27434,6.89126
triangle,C:/Users/Jonna/Desktop/ups/vision/Practica_3/Preparacion_dataset/assets\triangle\t10ci-2.PNG,10.8709,14.4258,911.013,58.2481,7231.83,84.5547,11302.3
triangle,C:/Users/Jonna/Desktop/ups/vision/Practica_3/Preparacion_dataset/assets\triangle\t10i-2.PNG,9.42809,13.291,719.311,95.5761,17825.9,289.782,-17613.7
triangle,C:/Users/Jonna/Desktop/ups/vision/Practica_3/Preparacion_dataset/assets\triangle\t10n-1.PNG,14.9724,128.371,672.327,6.96922,168.898,14.1096,-446.153
triangle,C:/Users/Jonna/Desktop/ups/vision/Practica_3/Preparacion_dataset/assets\triangle\t10n-2.PNG,6.89237,7.24735,183.066,6.98816,48.9149,7.67627,245.114
triangle,C:/Users/Jonna/Desktop/ups/vision/Practica_3/Preparacion_dataset/assets\triangle\t10ni-2.PNG,5.98098,7.68266,105.735,12.3734,435.956,33.9557,-101.217
triangle,C:/Users/Jonna/Desktop/ups/vision/Practica_3/Preparacion_dataset/assets\triangle\t11-1.PNG,2.30781,0.736455,4.90188,0.388379,0.531592,0.307169,0.0676256
triangle,C:/Users/Jonna/Desktop/ups/vision/Practica_3/Preparacion_dataset/assets\triangle\t11-2.PNG,8.99043,6.73816,322.035,7.10281,-255.6,-4.6135,-223.753
triangle,C:/Users/Jonna/Desktop/ups/vision/Practica_3/Preparacion_dataset/assets\triangle\t11c-1_.PNG,9.32985,9.57375,233.314,61.056,3140.54,-186.359,6575.79
triangle,C:/Users/Jonna/Desktop/ups/vision/Practica_3/Preparacion_dataset/assets\triangle\t11ci-1.PNG,7.46396,14.2426,177.43,32.4337,2459.97,110.948,-46.8328
triangle,C:/Users/Jonna/Desktop/ups/vision/Practica_3/Preparacion_dataset/assets\triangle\t11ci-2.PNG,6.45348,10.4656,97.1895,4.72306,65.8041,8.997,-76.8738
triangle,C:/Users/Jonna/Desktop/ups/vision/Practica_3/Preparacion_dataset/assets\triangle\t11i-1_.PNG,6.18992,2.55585,95.7366,2.58408,19.6755,-4.00876,35.5642
triangle,C:/Users/Jonna/Desktop/ups/vision/Practica_3/Preparacion_dataset/assets\triangle\t11n-2.PNG,3.69608,4.02697,12.6682,0.0556666,-0.019545,0.00414567,-0.0424645
triangle,C:/Users/Jonna/Desktop/ups/vision/Practica_3/Preparacion_dataset/assets\triangle\t11ni-2.PNG,2.86439,0.690369,10.622,0.871958,1.63931,0.607835,-2.08677
triangle,C:/Users/Jonna/Desktop/ups/vision/Practica_3/Preparacion_dataset/assets\triangle\t12-2.PNG,7.19687,15.2347,211.736,35.9105,3081.01,140.08,559.117
triangle,C:/Users/Jonna/Desktop/ups/vision/Practica_3/Preparacion_dataset/assets\triangle\t12c-2.PNG,48.9107,138.715,145060,120451,1.87642e+08,1.41801e+06,-1.59206e+10
triangle,C:/Users/Jonna/Desktop/ups/vision/Practica_3/Preparacion_dataset/assets\triangle\t12ci-2.PNG,25.6711,125.375,2672.44,1559.25,1.38193e+06,6728.92,-2.8673e+06
triangle,C:/Users/Jonna/Desktop/ups/vision/Practica_3/Preparacion_dataset/assets\triangle\t12i-2.PNG,3.69959,3.06023,31.2124,9.0882,151.753,15.8928,-20.0094
triangle,C:/Users/Jonna/Desktop/ups/vision/Practica_3/Preparacion_dataset/assets\triangle\t12n-2.PNG,6.12609,6.97839,135.98,14.0143,552.145,31.8582,263.463
triangle,C:/Users/Jonna/Desktop/ups/vision/Practica_3/Preparacion_dataset/assets\triangle\t12ni-1.PNG,6.30899,14.4159,51.3837,12.0868,-117.353,39.7558,277.417
triangle,C:/Users/Jonna/Desktop/ups/vision/Practica_3/Preparacion_dataset/assets\triangle\t12ni-2.PNG,11.6397,20.5768,669.814,75.3811,14889.9,341.763,8074.64
triangle,C:/Users/Jonna/Desktop/ups/vision/Practica_3/Preparacion_dataset/assets\triangle\t13-1.PNG,32.0482,856.233,20903.5,15590.9,2.81329e+08,455639,-8.57694e+06
triangle,C:/Users/Jonna/Desktop/ups/vision/Practica_3/Preparacion_dataset/assets\triangle\t13-2.PNG,18.9161,236.21,699.802,403.352,-214296,2774.96,200.654
triangle,C:/Users/Jonna/Desktop/ups/vision/Practica_3/Preparacion_dataset/assets\triangle\t13c-2.PNG,8.20215,9.20591,269.781,12.6643,-697.554,-37.5528,247.761
triangle,C:/Users/Jonna/Desktop/ups/vision/Practica_3/Preparacion_dataset/assets\triangle\t13ci-2.PNG,8.96881,3.1745,323.352,3.3717,-92.9281,-4.28097,-61.3085
triangle,C:/Users/Jonna/Desktop/ups/vision/Practica_3/Preparacion_dataset/assets\triangle\t13i-1.PNG,5.83616,1.04137,70.3649,1.01572,-8.17938,-0.840583,-2.61428
triangle,C:/Users/Jonna/Desktop/ups/vision/Practica_3/Preparacion_dataset/assets\triangle\t13i-2.PNG,11.1371,47.6175,702.058,785.006,-564073,1513.43,-146426
triangle,C:/Users/Jonna/Desktop/ups/vision/Practica_3/Preparacion_dataset/assets\triangle\t13n-1.PNG,5.55001,3.33586,49.5667,0.526876,2.68592,0.408927,-0.188327
triangle,C:/Users/Jonna/Desktop/ups/vision/Practica_3/Preparacion_dataset/assets\triangle\t13n-2.PNG,7.69888,59.1811,0.872179,0.372713,0.200761,1.91155,0.0696601
triangle,C:/Users/Jonna/Desktop/ups/vision/Practica_3/Preparacion_dataset/assets\triangle\t13ni-1_.PNG,4.70255,3.0139,63.2129,20.2736,614.825,-29.7477,-385.655
triangle,C:/Users/Jonna/Desktop/ups/vision/Practica_3/Preparacion_dataset/assets\triangle\t14-2.PNG,87.3537,5157.84,322088,130240,2.65572e+10,9.22157e+06,2.50441e+09
triangle,C:/Users/Jonna/Desktop/ups/vision/Practica_3/Preparacion_dataset/assets\triangle\t14c-2.PNG,4.50098,2.69765,29.6209,1.24004,1.32901,1.39838,-7.39697
triangle,C:/Users/Jonna/Desktop/ups/vision/Practica_3/Preparacion_dataset/assets\triangle\t14ci-1.PNG,5.53594,0.0583839,100.395,0.381351,-0.0596838,-0.0352694,-2.35887
triangle,C:/Users/Jonna/Desktop/ups/vision/Practica_3/Preparacion_dataset/assets\triangle\t14i-1.PNG,38.5206,118.636,58903.7,8068.45,1.75876e+08,73116.8,-2.65895e+06
triangle,C:/Users/Jonna/Desktop/ups/vision/Practica_3/Preparacion_dataset/assets\triangle\t14n-1.PNG,82.9896,5491.32,114998,91201.6,9.14746e+09,6.29897e+06,-1.88688e+09
triangle,C:/Users/Jonna/Desktop/ups/vision/Practica_3/Preparacion_dataset/assets\triangle\t14ni-1.PNG,17.0089,69.369,7062.07,4321.9,2.36905e+07,34545.5,-2.97751e+06
triangle,C:/Users/Jonna/Desktop/ups/vision/Practica_3/Preparacion_dataset/assets\triangle\t14ni-2.PNG,37.3134,324.504,52531,13238.4,3.1474e+08,206949,1.51047e+08
triangle,C:/Users/Jonna/Desktop/ups/vision/Practica_3/Preparacion_dataset/assets\triangle\t15-2.PNG,7.45536,2.01063,81.1811,16.7469,-383.383,14.3495,-484.055
triangle,C:/Users/Jonna/Desktop/ups/vision/Practica_3/Preparacion_dataset/assets\triangle\t15i-0.PNG,25.8765,520.955,2031.52,501.827,327371,2856.66,386733
triangle,C:/Users/Jonna/Desktop/ups/vision/Practica_3/Preparacion_dataset/assets\triangle\t15n-1.PNG,11.4076,12.8436,1055.55,300.307,-74482.7,-121.598,151788
triangle,C:/Users/Jonna/Desktop/ups/vision/Practica_3/Preparacion_dataset/assets\triangle\t15ni-2.PNG,34.1365,353.436,17797,1069.53,3.09991e+06,15933.3,3.48773e+06
triangle,C:/Users/Jonna/Desktop/ups/vision/Practica_3/Preparacion_dataset/assets\triangle\t16-2.PNG,8.03258,4.88971,466.408,91.9352,-6303.26,-196.065,17963.5
triangle,C:/Users/Jonna/Desktop/ups/vision/Practica_3/Preparacion_dataset/assets\triangle\t16i-1.PNG,10.6982,7.6376,392.923,14.599,-644.209,-37.8702,-898.653
triangle,C:/Users/Jonna/Desktop/ups/vision/Practica_3/Preparacion_dataset/assets\triangle\t16n-2.PNG,12.5639,13.6092,1429.08,94.0031,-34414.8,-99.0189,1646.4
triangle,C:/Users/Jonna/Desktop/ups/vision/Practica_3/Preparacion_dataset/assets\triangle\t1c-2.PNG,8.5276,14.3815,106.305,9.37012,-209.239,-18.653,208.984
triangle,C:/Users/Jonna/Desktop/ups/vision/Practica_3/Preparacion_dataset/assets\triangle\t1ci-2.PNG,32.4483,122.654,17412.1,612.903,1.35389e+06,-421.606,1.47509e+06
triangle,C:/Users/Jonna/Desktop/ups/vision/Practica_3/Preparacion_dataset/assets\triangle\t1i-2.PNG,16.6264,72.8173,4286.09,1515.25,258867,8542.09,3.85283e+06
triangle,C:/Users/Jonna/Desktop/ups/vision/Practica_3/Preparacion_dataset/assets\triangle\t1n-2.PNG,7.32381,3.93409,167.543,3.47131,83.4178,6.02738,-7.04629
triangle,C:/Users/Jonna/Desktop/ups/vision/Practica_3/Preparacion_dataset/assets\triangle\t1ni-2.PNG,8.70027,0.512212,295.08,13.5208,591.073,3.35129,616.44
triangle,C:/Users/Jonna/Desktop/ups/vision/Practica_3/Preparacion_dataset/assets\triangle\t2-1.PNG,8.09059,31.1746,72.0645,3.40389,1.5725,10.1752,-53.2888
triangle,C:/Users/Jonna/Desktop/ups/vision/Practica_3/Preparacion_dataset/assets\triangle\t2-2.PNG,7.85899,6.80489,474.237,248.85,84361,-326.436,13832.7
triangle,C:/Users/Jonna/Desktop/ups/vision/Practica_3/Preparacion_dataset/assets\triangle\t2c-2.PNG,8.6221,5.03941,331.851,13.238,253.8,7.00675,-839.902
triangle,C:/Users/Jonna/Desktop/ups/vision/Practica_3/Preparacion_dataset/assets\triangle\t2ci-2.PNG,11.2284,7.02232,612.039,2.07679,-24.4046,4.75405,-69.9047
triangle,C:/Users/Jonna/Desktop/ups/vision/Practica_3/Preparacion_dataset/assets\triangle\t2i-1.PNG,4.57761,6.23982,51.1379,6.88509,59.0002,15.3503,114.933
triangle,C:/Users/Jonna/Desktop/ups/vision/Practica_3/Preparacion_dataset/assets\triangle\t2i-2.PNG,14.3048,13.619,1604.22,399.694,292786,-895.141,129273
triangle,C:/Users/Jonna/Desktop/ups/vision/Practica_3/Preparacion_dataset/assets\triangle\t2n-2.PNG,21.4965,69.5507,12191.7,10732.5,8.49336e+07,81804.4,8.86466e+07
triangle,C:/Users/Jonna/Desktop/ups/vision/Practica_3/Preparacion_dataset/assets\triangle\t2ni-1.PNG,8.3555,0.951978,236.423,10.377,-503.983,-10.1075,-100.921
triangle,C:/Users/Jonna/Desktop/ups/vision/Practica_3/Preparacion_dataset/assets\triangle\t3-1.PNG,98.2513,4722.9,539778,56591.5,-3.20109e+09,-1.48202e+06,9.35854e+09
triangle,C:/Users/Jonna/Desktop/ups/vision/Practica_3/Preparacion_dataset/assets\triangle\t3-1_.PNG,40.2138,496.937,48468.6,6524.6,-3.42344e+07,8925.4,1.10862e+08
triangle,C:/Users/Jonna/Desktop/ups/vision/Practica_3/Preparacion_dataset/assets\triangle\t3c-1.PNG,18.2478,203.339,3324.71,2153.6,5.19167e+06,30468.9,-2.50098e+06
triangle,C:/Users/Jonna/Desktop/ups/vision/Practica_3/Preparacion_dataset/assets\triangle\t3c-2.PNG,16.4911,4.5011,2791.45,93.5481,-36908.2,-179.357,30381.6
triangle,C:/Users/Jonna/Desktop/ups/vision/Practica_3/Preparacion_dataset/assets\triangle\t3ci-2.PNG,13.9747,21.7801,1083.16,122.203,41464.4,-411.857,-16043.1
triangle,C:/Users/Jonna/Desktop/ups/vision/Practica_3/Preparacion_dataset/assets\triangle\t3i-1.PNG,15.9246,82.8135,3618.54,808.449,795515,2593.56,1.131e+06
triangle,C:/Users/Jonna/Desktop/ups/vision/Practica_3/Preparacion_dataset/assets\triangle\t3i-2.PNG,4.52339,1.23529,89.297,0.0114971,0.00802637,0.0109758,0.00844299
triangle,C:/Users/Jonna/Desktop/ups/vision/Practica_3/Preparacion_dataset/assets\triangle\t3n-2.PNG,14.8994,94.6751,475.69,584.548,6656.74,5491.17,-308170
triangle,C:/Users/Jonna/Desktop/ups/vision/Practica_3/Preparacion_dataset/assets\triangle\t3ni-1.PNG,10.0475,14.4993,1042.27,173.642,-43311,-660.52,59841.6
triangle,C:/Users/Jonna/Desktop/ups/vision/Practica_3/Preparacion_dataset/assets\triangle\t3ni-2.PNG,4.14387,0.110629,33.2276,0.0854095,0.12198,0.00228802,-0.0763095
triangle,C:/Users/Jonna/Desktop/ups/vision/Practica_3/Preparacion_dataset/assets\triangle\t4-2.PNG,316.972,14354.1,2.4473e+07,1.56861e+06,2.03244e+12,1.87514e+08,-9.50402e+12
triangle,C:/Users/Jonna/Desktop/ups/vision/Practica_3/Preparacion_dataset/assets\triangle\t4c-2.PNG,4.41107,2.25807,38.9028,3.00575,29.3452,2.50096,-13.9745
triangle,C:/Users/Jonna/Desktop/ups/vision/Practica_3/Preparacion_dataset/assets\triangle\t4ci-1_.PNG,9.70768,8.45083,514.108,60.2178,4906.04,114.669,-9391.04
triangle,C:/Users/Jonna/Desktop/ups/vision/Practica_3/Preparacion_dataset/assets\triangle\t4i-2.PNG,11.3822,6.79902,1500.54,181.976,-53360,-421.272,-78709.6
triangle,C:/Users/Jonna/Desktop/ups/vision/Practica_3/Preparacion_dataset/assets\triangle\t4n-2.PNG,14.958,10.8475,2784.64,228.329,-59217.7,-281.367,172165
triangle,C:/Users/Jonna/Desktop/ups/vision/Practica_3/Preparacion_dataset/assets\triangle\t4ni-2.PNG,5.37172,2.91888,75.3828,0.7686,5.80951,-0.310032,0.690566
triangle,C:/Users/Jonna/Desktop/ups/vision/Practica_3/Preparacion_dataset/assets\triangle\t5-1.PNG,9.85792,3.27181,109.26,78.3023,7162.9,136.594,1071.18
triangle,C:/Users/Jonna/Desktop/ups/vision/Practica_3/Preparacion_dataset/assets\triangle\t5c-1_.PNG,9.37329,70.2736,97.9169,50.0855,850.228,320.713,3402.88
triangle,C:/Users/Jonna/Desktop/ups/vision/Practica_3/Preparacion_dataset/assets\triangle\t5ci-2.PNG,15.3594,152.144,2833.83,2052.45,4.64795e+06,24975.8,-1.70237e+06
triangle,C:/Users/Jonna/Desktop/ups/vision/Practica_3/Preparacion_dataset/assets\triangle\t5i-1.PNG,41.5635,253.232,41485.4,1060.61,5.3581e+06,-857.252,-4.55911e+06
triangle,C:/Users/Jonna/Desktop/ups/vision/Practica_3/Preparacion_dataset/assets\triangle\t5i-2.PNG,4.36358,0.571827,39.6304,1.93781,16.1523,0.426311,5.24234
triangle,C:/Users/Jonna/Desktop/ups/vision/Practica_3/Preparacion_dataset/assets\triangle\t5n-1.PNG,3.49453,1.7,22.5112,1.4516,3.83996,0.500133,7.356
triangle,C:/Users/Jonna/Desktop/ups/vision/Practica_3/Preparacion_dataset/assets\triangle\t5n5-1.PNG,4.33805,0.870077,25.6266,0.676855,2.65629,0.392218,-0.943738
triangle,C:/Users/Jonna/Desktop/ups/vision/Practica_3/Preparacion_dataset/assets\triangle\t5ni-2.PNG,7.08369,6.32586,200.726,14.7965,-705.082,25.071,391.292
triangle,C:/Users/Jonna/Desktop/ups/vision/Practica_3/Preparacion_dataset/assets\triangle\t6-2.PNG,14.2647,15.2378,2032.94,523.271,421286,1701.79,-337335
triangle,C:/Users/Jonna/Desktop/ups/vision/Practica_3/Preparacion_dataset/assets\triangle\t6c-2.PNG,24.3325,0.278277,15452.2,5059.55,3.69767e+07,2664.05,2.51812e+07
triangle,C:/Users/Jonna/Desktop/ups/vision/Practica_3/Preparacion_dataset/assets\triangle\t6ci-2.PNG,11.5677,12.1309,1185.9,472.572,270523,-888.989,227975
triangle,C:/Users/Jonna/Desktop/ups/vision/Practica_3/Preparacion_dataset/assets\triangle\t6i-0.PNG,219.115,47605.4,5.31112e+07,5.29543e+07,2.80831e+15,1.15537e+10,-2.46351e+10
triangle,C:/Users/Jonna/Desktop/ups/vision/Practica_3/Preparacion_dataset/assets\triangle\t6i-1.PNG,26.7122,11.0027,15970.9,4479.51,3.66133e+07,7626.61,-9.74775e+06
triangle,C:/Users/Jonna/Desktop/ups/vision/Practica_3/Preparacion_dataset/assets\triangle\t6n-2.PNG,19.2123,36.1509,9209.86,3603.22,1.85207e+07,21585.2,9.37206e+06
triangle,C:/Users/Jonna/Desktop/ups/vision/Practica_3/Preparacion_dataset/assets\triangle\t6ni-1.PNG,11.8336,1.2656,496.441,13.9809,-704.911,-15.0861,927.236
triangle,C:/Users/Jonna/Desktop/ups/vision/Practica_3/Preparacion_dataset/assets\triangle\t7-2.PNG,3.86933,0.399101,52.047,10.7706,133.045,2.03548,217.554
triangle,C:/Users/Jonna/Desktop/ups/vision/Practica_3/Preparacion_dataset/assets\triangle\t7c-2.PNG,8.07026,3.8934,302.607,24.1703,1571.47,34.0431,1342.92
triangle,C:/Users/Jonna/Desktop/ups/vision/Practica_3/Preparacion_dataset/assets\triangle\t7ci-2.PNG,7.67857,10.1132,383.125,25.1968,2470.03,-42.4267,166.631
triangle,C:/Users/Jonna/Desktop/ups/vision/Practica_3/Preparacion_dataset/assets\triangle\t7i-1.PNG,8.96016,2.89846,362.547,87.7989,13940.6,88.5684,7143.86
triangle,C:/Users/Jonna/Desktop/ups/vision/Practica_3/Preparacion_dataset/assets\triangle\t7i-2.PNG,6.61104,7.22573,103.491,25.0116,911.159,52.3935,-888.309
triangle,C:/Users/Jonna/Desktop/ups/vision/Practica_3/Preparacion_dataset/assets\triangle\t7n-2.PNG,5.42924,1.09,66.1178,5.29186,98.92,5.52467,3.59841
triangle,C:/Users/Jonna/Desktop/ups/vision/Practica_3/Preparacion_dataset/assets\triangle\t7ni-2.PNG,8.52344,0.667256,314.169,26.9687,1574.78,11.3526,-1918.96
triangle,C:/Users/Jonna/Desktop/ups/vision/Practica_3/Preparacion_dataset/assets\triangle\t8-2.PNG,12.5455,21.1851,1337.95,340.596,227368,1494.98,-34170.7
triangle,C:/Users/Jonna/Desktop/ups/vision/Practica_3/Preparacion_dataset/assets\triangle\t8c-2.PNG,5.83911,1.91786,84.664,0.502448,-2.04966,0.0713583,-2.55698
triangle,C:/Users/Jonna/Desktop/ups/vision/Practica_3/Preparacion_dataset/assets\triangle\t8ci-2.PNG,7.36724,0.525976,282.668,18.1685,-1157.27,5.88922,-596.632
triangle,C:/Users/Jonna/Desktop/ups/vision/Practica_3/Preparacion_dataset/assets\triangle\t8i-2.PNG,7.67432,2.113,190.648,38.361,333.555,28.6259,-3263.58
triangle,C:/Users/Jonna/Desktop/ups/vision/Practica_3/Preparacion_dataset/assets\triangle\t8n-1.PNG,10.974,16.7079,368.812,178.829,-45097.8,724.591,-8682.09
triangle,C:/Users/Jonna/Desktop/ups/vision/Practica_3/Preparacion_dataset/assets\triangle\t8n-2.PNG,9.10737,0.532728,440.155,59.4961,-3004.44,-11.2292,-9147.21
triangle,C:/Users/Jonna/Desktop/ups/vision/Practica_3/Preparacion_dataset/assets\triangle\t8ni-0.PNG,26.0812,542.152,261.419,414.698,80620.4,9458.58,110200
triangle,C:/Users/Jonna/Desktop/ups/vision/Practica_3/Preparacion_dataset/assets\triangle\t8ni-2.PNG,5.91166,3.71563,66.3207,0.706137,4.76805,0.791184,0.785694
triangle,C:/Users/Jonna/Desktop/ups/vision/Practica_3/Preparacion_dataset/assets\triangle\t9-1.PNG,4.80875,0.510219,18.4739,10.009,71.2934,6.69646,115.935
triangle,C:/Users/Jonna/Desktop/ups/vision/Practica_3/Preparacion_dataset/assets\triangle\t9-1_.PNG,7.13895,0.372382,107.111,10.5121,-152.879,4.07201,317.886
triangle,C:/Users/Jonna/Desktop/ups/vision/Practica_3/Preparacion_dataset/assets\triangle\t9c-2.PNG,4.45613,4.25443,49.4162,5.85488,99.5395,11.987,-3.14159
triangle,C:/Users/Jonna/Desktop/ups/vision/Practica_3/Preparacion_dataset/assets\triangle\t9ci-2.PNG,7.27226,5.07263,227.324,6.73031,258.395,8.78056,-50.3454
triangle,C:/Users/Jonna/Desktop/ups/vision/Practica_3/Preparacion_dataset/assets\triangle\t9i-0.PNG,16.697,276.39,6.4689,10.8041,90.1634,176.948,-5.37467
triangle,C:/Users/Jonna/Desktop/ups/vision/Practica_3/Preparacion_dataset/assets\triangle\t9i-1_.PNG,23.1329,7.98427,7531.24,359.781,-400909,-959.549,435898
triangle,C:/Users/Jonna/Desktop/ups/vision/Practica_3/Preparacion_dataset/assets\triangle\t9n-2.PNG,5.7831,7.67446,42.1598,27.9895,959.126,-68.3449,-67.2887
triangle,C:/Users/Jonna/Desktop/ups/vision/Practica_3/Preparacion_dataset/assets\triangle\t9ni-2.PNG,4.52892,0.293592,29.952,0.506029,1.70509,-0.273836,0.986792
triangle,C:/Users/Jonna/Desktop/ups/vision/Practica_3/Preparacion_dataset/assets\triangle\ti1-1.PNG,11.3197,17.2022,853.986,386.581,221937,1306.48,8977.68
